review_n,citekey,authors,year,title,doi,url,site,fulltext,fulltext_source,r2,nse,kge,pbias,rmse,mae,other_metrics,metric_excerpt,vpr_variable,vpr_variable_excerpt,vpr_location,vpr_location_excerpt,control_rule,control_rule_excerpt,open_inputs_or_code,open_excerpt,cal_val_split,cal_val_excerpt,vpr_reconstruct,vpr_reconstruct_reason,in_table2,table2_r2,table2_params,table2_r2_is_w2_obs_sim_skill,notes
12,mesquita_limaneto_2022,"Mesquita, J.B.d.F.; Lima Neto, I.E.",2022,Coupling Hydrological and Hydrodynamic Models for Assessing the Impact of Water Pollution on Lake Evaporation,10.3390/su142013465,https://doi.org/10.3390/su142013465,"Santo Anastacio Lake, Fortaleza, Brazil",true,MDPI HTML (WebSearch),true,true,false,false,false,false,mean_deviation (SWMM),"SWMM flow cal 2013-2014: NSE=0.86 R2=0.96 MD=29%; val 2018-2019: NSE=0.73 R2=0.94 MD=38%. Table-2 R2=0.76 is K vs complete-mix TP (dry), not W2 obs-sim skill. W2 itself inherited from Mesquita et al. 2020.",partial,"W2 used for hydrodynamics/evaporation; TP generated by complete-mix and empirical wind models, not extracted as a named W2 TSR/PRF column.",partial,"Grid: 32 longitudinal segments 29 m, 0.2 m layers. Comparison of W2 WQ vs observations is not re-specified; TP-K correlations are lake-level, not cell-level.",NA,No selective withdrawal/TDG/controller. Not an operations paper.,false,No W2 input deck or code archive stated.,inherited,W2 'calibrated and validated in a previous study' (Mesquita 2020). SWMM has explicit cal/val split.,no,This paper does not identify which W2 output file/column/I/K was compared to observations; W2 skill is not the reported R2.,true,0.76,Total Phosphorus (TP),false,"Table 2 value is complete-mix TP vs Class A pan K in the dry season, not CE-QUAL-W2 goodness-of-fit."
13,rocha_etal_2022,"Rocha, S.M.G.; Rocha, M.d.J.; Araujo, G.M.; Becker, H.; Lima Neto, I.E.",2022,Seasonal and interannual variability of residence time and total phosphorus in a small hypereutrophic lake in the Brazilian northeast,10.17159/wsa/2022.v48.i3.3893,https://doi.org/10.17159/wsa/2022.v48.i3.3893,"Lake Santo Anastacio, Fortaleza, Brazil",true,Water SA PDF (watersa.net),true,false,false,false,false,false,none_for_W2_obs_sim,R2=0.83 complete-mix RT vs W2 RT (model-model). Inlet TP vs Q power-law R2=0.70 (Table 2). Combined complete-mix TPout vs measured outlet R2=0.60. No NSE/KGE/PBIAS/RMSE for W2 vs observations.,partial,W2 used for residence time; TP handled by complete-mix. W2 output file/column for RT not named.,partial,Inlet and outlet of LSA named; Table 1 segments 'Uninformed'. No W2 I/K for the RT comparison.,NA,No control-rule/TDG/selective withdrawal.,false,No input files or code.,inherited,W2 previously calibrated/validated (Mesquita 2020).,no,"Cannot rebuild a W2 obs-sim series; Table 2 R2 is an empirical TP-Q fit, not W2 skill.",true,0.70,Total Phosphorus (TP),false,"Table 2 R2=0.70 is TPin vs inflow power-law, not W2 vs field TP."
14,deus_etal_2013,"Deus, R.; Brito, D.; Mateus, M.; Kenov, I.; Fornaro, A.; Neves, R.; Alves, C.N.",2013,"Impact evaluation of a pisciculture in the Tucurui reservoir (Para, Brazil) using a two-dimensional water quality model",10.1016/j.jhydrol.2013.01.022,https://doi.org/10.1016/j.jhydrol.2013.01.022,"Tucurui Reservoir, Para, Brazil",false,abstract + review Table 1; OpenAlex green OA listed but no PDF URL,unknown,unknown,unknown,unknown,unknown,unknown,unknown,Abstract/publisher page do not quote R2/NSE/RMSE. Review Table 1: calibrated with 2007-2011 data. Neto 2023 cites a similar calibration procedure in Deus et al. 2013b; metrics not copied here.,unknown,"Constituents listed in Table 1 (T, NO3, NH3, P, SST, DO, Chl-a) but output file/column not available without full text.",partial,Review Table 1 gives three branches and segment lengths; comparison station/layer not in abstract.,NA,"Fish-farm loading scenarios, not W2 internal controller/TDG.",unknown,USP repository marks green OA; PDF URL not retrieved.,no,Review: calibrated 2007-2011; no separate validation period stated.,unknown,Full text not obtained; abstract insufficient.,false,,,NA,Not in Table 2. Do not confuse with Deus et al. 2013 Ecological Modelling 3-D MOHID paper on the same reservoir.
18,hanjaniamin_etal_2023,"Hanjaniamin, A.E.; Tabrizi, M.S.; Babazadeh, H.",2023,"Dissolved oxygen concentration and eutrophication evaluation in Yamchi dam reservoir, Ardabil, Iran",10.1007/s13201-022-01786-1,https://doi.org/10.1007/s13201-022-01786-1,"Yamchi Dam, Balkhlichai River, Iran",true,Springer OA HTML,false,false,false,false,true,true,AME (absolute mean error); waterbal-ivf37.exe water-level errors,"GOF is AME and RMSE (Eqs 6-7) for geometry, WSE, T, DO. Tables 3-4: AME for T and DO in calibration and validation. Review Table 2 R2=0.6781 is NOT this GOF: review §3.7 says 0.6781 is air temperature vs inflow water temperature.",partial,"Compares simulated vs observed T and DO; W2 output file/column not named. Eutrophication also discussed via TP and Chl-a criteria, not necessarily W2 skill.",partial,"Grid: 28 segments x 200 m, 32 layers x 2 m. Thermal difference 'in the vicinity of the dam axis'. Exact I/K for AME tables not stated as segment numbers.",NA,"Diagnostic DO/eutrophication study, not controller/TDG.",false,No input deck. Mentions waterbal-ivf37.exe (W2 utility).,yes,Tables 3-4 report separate calibration and validation AME for T and DO. Simulation period May 2015-Apr 2016.,partial,Constituents and error metrics known; I/K and output file not uniquely specified.,true,0.6781,DO,false,"CRITICAL Table 2 error: 0.6781 is inflow-T vs air-T correlation, tabulated as DO skill."
21,debele_etal_2008,"Debele, B.; Srinivasan, R.; Parlange, J.Y.",2008,Coupling upland watershed and downstream waterbody hydrodynamic and water quality models (SWAT and CE-QUAL-W2) for better water resources management in complex river basins,10.1007/s10666-006-9075-1,https://doi.org/10.1007/s10666-006-9075-1,"Cedar Creek Watershed and Reservoir, USA",false,publisher abstract + review text,unknown,unknown,unknown,unknown,unknown,unknown,review quotes R (correlation) = 0.906 for T and DO,"Review §3.6: 'calibration of CE-QUAL-W2, focusing on temperature and dissolved oxygen, with an R of 0.906'. Table 2 lists this as R2=0.906. Whether the original paper reported R or R2 was not verified (full text closed).",partial,"Review: T and DO. Also Table 1 lists TSS, PO4, NO3/NO2, NH4/NH3, LDOM, RDOM, LPOM, RPOM, CBOD, blue-green algae, DO.",unknown,"Grid: eight branches, 37 segments, max 25 layers (review Table 1). Comparison station/layer unknown.",NA,"Watershed-reservoir coupling, not TDG/controller.",false,No OA input deck found.,unknown,"Review: SWAT calibrated results used as W2 input, 1997-2001. Split not stated.",no,"Closed full text; grid described, pairing I/K/file not available.",true,0.906,"DO, Temperature",unknown,"Review itself calls this R not R2 in §3.6, then Table 2 labels it R2. Most-cited paper in the review (92 citations)."
22,masoumi_etal_2023,"Masoumi, F.; Masoumzadeh Sayyar, S.; Valizadeh, P.; Nikoo, M.R.; Al-Nuaimi, A.; Sana, A.",2023,"Developing an uncertainty-based auto-calibrated reservoir eutrophication model: a case study of Karkheh Dam, Iran",10.1007/s13762-023-04990-x,https://doi.org/10.1007/s13762-023-04990-x,"Karkheh Reservoir, Iran",false,Aalto research portal abstract,unknown,unknown,unknown,unknown,true,unknown,p-factor: 76% of measured data in 95% CI (SUFI-2),"SUFI-2 vs PSO: 11, 12.8, 10, 14.7, 37.5% lower RMSE for DO, TP, NH4, NO3-NO2, Chl-a. 76% of measured data in 95% CI. R2/NSE/KGE not quoted in available abstract.",partial,"RMSE reported separately for DO, TP, NH4, NO3-NO2, Chl-a. Output file/column not stated.",unknown,"Review grid: 66 segs, 55 layers. Comparison I/K unknown.",NA,"Auto-calibration of eutrophication, not TDG/controller.",false,No public W2 deck found.,unknown,Review: SUFI-2 auto-cal May-Dec 2005. Validation split not in abstract.,no,Constituents and RMSE known; I/K/file unknown.,false,,,NA,Review infers 'this efficiency suggests a high R2' without quoting one. Do not treat inferred R2 as reported.
23,neto_2023,"Lima Neto, I.E.",2023,"Modeling water quality in a tropical reservoir using CE-QUAL-W2: handling data scarcity, urban pollution and hydroclimatic seasonality",10.1590/2318-0331.282320230003,https://doi.org/10.1590/2318-0331.282320230003,"Santo Anastacio Reservoir, Fortaleza, Brazil",true,SciELO HTML,true,false,false,true,false,false,RD (average relative deviation) as objective; sensitivity ±50%,"Cal 2013 linear-inlet: RD=28%, PBIAS=-19%, R2=0.32 for DO/Chla/PO4 (Table 2). Val 2019 PO4 linear: RD=29%, PBIAS=-10%, R2=0.41. NSE and KGE not used. Objective was min RD.",partial,"T, DO, Chla, PO4 kept as W2 state variables; source/sink simplified (Eqs 2-4). Output file/column (TSR vs PRF) not named. Mentions CE-QUAL-W2 input files.",yes,Inlet/outlet measurements = second cell of segments 2 and 31 (Figure 1). Calibration vs outlet (segment 31).,NA,No selective withdrawal/TDG.,false,No archived input deck.,yes,Calibrate 2013 T/Chla/PO4/DO; validate 2019 PO4 only.,yes,"I=31 (outlet) / I=2 (inlet), 'second cell', constituents T/DO/Chla/PO4, 2013/2019. Remaining gaps: exact layer index convention, output file name, pairing tolerance. Coded yes at operational VPR level (same series could be targeted).",true,0.32,"DO, Chlorophyll-a, PO4",true,Clearest Table 2 entry that is actually W2 vs field skill. R2=0.32 is the linear-inlet calibration composite.
24,mesquita_etal_2020,"Mesquita, J.B.d.F.; Lima Neto, I.E.; Raabe, A.; de Araujo, J.C.",2020,The influence of hydroclimatic conditions and water quality on evaporation rates of a tropical lake,10.1016/j.jhydrol.2020.125456,https://doi.org/10.1016/j.jhydrol.2020.125456,"Santo Anastacio Lagoon, Fortaleza, Brazil",true,UFC repository PDF,true,false,false,false,false,false,mean_deviation of evaporation,"Wind-function cal vs 2013 calculated evaporation; val 2018: MD=18%, R2=0.74. Default W2 wind function R2=0.71 (2013) and 0.36 (2018). Table 2 R2=0.41 is K vs TP in dry period, not W2 vs field TP.",partial,"W2 evaporation and temperature. TP used as field/empirical covariate of pan K, not demonstrated as a named W2 output column.",partial,"Grid 32 x 29 m segments, 0.2 m layers. T discussed at surface, 2.8 m, 5 m. Segment I for those depths not numbered.",NA,"Evaporation/hydrodynamics, no controller.",false,No input deck.,yes,Calibrate evaporation 2013; validate 2018.,partial,Depths for T given; I and output file not given. Table 2 metric is not W2 skill.,true,0.41,Total Phosphorus (Dry Period),false,Parent calibration for [12] and [13]. Table 2 uses K-TP correlation.
25,ijaz_etal_2022,"Ijaz, U.; Xingxing, Z.; Ayub, H.; Zaiqiang, C.; Siqian, Q.; Niaz, A.",2022,"Implications of evolution of circulation patterns on nutrients regime from 2008-2018, in Xiangxi Bay of the Three Gorges Reservoir, China",10.2166/ws.2022.274,https://doi.org/10.2166/ws.2022.274,"Xiangxi Bay, Three Gorges Reservoir, China",false,Crossref abstract (IWA PDF OA listed; Cloudflare blocked fetch),unknown,unknown,unknown,unknown,unknown,unknown,unknown,Abstract reports TN/TP changes by reach and month; no R2/NSE/RMSE quoted. Review Table 1 says calibrated and validated in this study.,partial,"TN, TP, circulation patterns; euphotic-zone TN discussed. File/column unknown.",partial,"Abstract: upper, middle, lower reaches; euphotic zone. Review grid: 64 segs 500-1000 m. I/K unknown.",not_mentioned,Three Gorges / upstream dam operations affect circulation; W2 controller/TDG state not mentioned in abstract.,unknown,IWA hybrid OA PDF URL exists but was not retrieved here.,unknown,Review: calibrated and validated; 2008-2018. Split not in abstract.,unknown,OA PDF not fetched; abstract has reaches but not I/K/file.,false,,,NA,Largest site in the review (TGR). Full text is hybrid OA at IWA but fetch failed.
26,almeida_etal_2023,"Almeida, M.; Rebelo, R.; Costa, S.; Rodrigues, A.; Coelho, P.",2023,Long-Term Water Quality Modeling of a Shallow Eutrophic Lagoon with Limited Forcing Data,10.1007/s10666-022-09844-3,https://doi.org/10.1007/s10666-022-09844-3,"Lagoa das Furnas, Sao Miguel, Azores, Portugal",false,publisher landing + review,true,unknown,unknown,unknown,unknown,unknown,unknown,"Review §3.6: SWAT R2=0.64; W2 calibrated for water level, temperature, and DO with R2=0.92. NSE/KGE not quoted. Table 1 year printed 2022; Crossref issued 2023.",partial,"Review: WL, T, DO (and Table 1 lists many more simulated constituents). File unknown.",unknown,"Grid: 8 segments, 24 layers 0.5 m. Comparison station unknown.",NA,"Long-term lagoon WQ, not TDG/controller.",false,"No OA deck found (same group later published GMD 2025 Zenodo, which is NOT this paper).",unknown,"Review: W2 and SWAT calibrated in this study, 2000-2019. Split unknown.",unknown,Closed full text; R2 quoted by review for WL/T/DO without I/K.,true,0.92,"Water Level, Temperature, DO",unknown,Table 1 says Almeida et al. (2022); Crossref year 2023. Do not confuse with Almeida & Coelho GMD 2025.
27,terry_etal_2022,"Terry, J.; Davies, J.M.; Lindenschmidt, K.E.",2022,Buffalo Pound Lake-Modelling Water Resource Management Scenarios of a Large Multi-Purpose Prairie Reservoir,10.3390/w14040584,https://doi.org/10.3390/w14040584,"Buffalo Pound Lake, Saskatchewan, Canada",true,MDPI HTML (WebSearch),false,false,false,false,false,false,visual comparison; derived TP/TN/DOC/CHLA internally in W2,"This paper does not report R2/NSE/KGE/PBIAS/RMSE for W2 vs observations. Calibration described as plotting eight station-segments and visual comparison. A later related MDPI paper (Water 15:2005, not in the 38) reports MAE and adjusted R2 at Hwy#2 and Intake.",partial,"TDS, DOC, DO, TP, TN, CHLA plotted. Notes TP/TN/CHLA/DOC are W2-derived not inflow-file inputs. Output file not named. Version 4.2.2 stated.",yes,"Plots at segments 5, 32, 86. BPWTP intake pipes in segment 86, ~1 m off lakebed. 13 WSA stations in eight segments; same-day multi-station values averaged per segment.",described,Interbasin diversion scenarios from Lake Diefenbaker; dam outflow logs; BPWTP withdrawals. Not TDGTA. Flow-management state is the experimental factor.,false,"No W2 input archive. Observational data from WSA/BPWTP/ECCC, not redistributed.",partial,Updates a prior calibrated model; BPWTP data used to 'validate' Apr 2013-May 2015 at seg 86; WSA Jun 2015-Dec 2019 used to recalibrate. Not a clean independent split.,partial,I=5/32/86 known; K only for intake (~1 m off bed). File/column/pairing tolerance missing. No numeric GOF in this paper.,false,,,NA,"Strong location reporting, weak metric reporting. Review Table 1: updates calibration with extra 6.5 years."
28,nazari_sharabian_taheriyoun_2022,"Nazari-Sharabian, M.; Taheriyoun, M.",2022,Climate change impact on water quality in the integrated Mahabad Dam watershed-reservoir system,10.1016/j.jher.2021.12.001,https://doi.org/10.1016/j.jher.2021.12.001,"Mahabad Dam Reservoir, Iran",false,review Table 1 + title/abstract snippets,unknown,unknown,unknown,unknown,unknown,unknown,unknown,"Review: calibrated 2011-2012, validated 2013 for T, TP, DO. Metrics not in available snippets.",partial,"T, TP, DO listed. File unknown.",unknown,28 variable-length segments (Table 1). Comparison I/K unknown.,NA,Climate-change scenarios on catchment-reservoir WQ.,false,Closed.,yes,"Review Table 1: cal 2011-2012, val 2013.",unknown,No full text; only periods and constituents.,false,,,NA,CanESM2+SWAT+W2 chain. Cal/val split is stated by the review even without FT.
29,yosefipoor_etal_2022,"Yosefipoor, P.; Saadatpour, M.; Solis, S.S.; Afshar, A.",2022,"An adaptive surrogate-based, multi-pollutant, and multi-objective optimization for river-reservoir system management",10.1016/j.ecoleng.2021.106487,https://doi.org/10.1016/j.ecoleng.2021.106487,"Ilam Reservoir, Iran",false,review Table 1,unknown,unknown,unknown,unknown,unknown,unknown,unknown; surrogate SVR modules,Optimization paper using W2 as process model. Review: calibrated and validated 2008-2009. GOF numbers not retrieved.,partial,"DO, NO3, PO4, Fe, BOD (Table 1).",unknown,42 segs x 500 m (Table 1).,described,Integrated river-reservoir quantity-quality management / optimization; not TDG. Outlet/operating policies are the decision variables (abstract-level).,false,Closed.,yes,"Review: calibrated and validated in this study, 2008-2009.",unknown,No FT; optimization focus.,false,,,NA,Surrogate (SVR) of W2. VPR for the surrogate vs W2 vs observations is a three-layer provenance problem.
30,kheirkhah_etal_2022,"Kheirkhah, S.; Saadatpour, M.; Afshar, A.",2022,An adaptive metamodelling for multipollutant waste load allocation in a river-reservoir system; hydrodynamic simulation-optimization,10.1111/wej.12751,https://doi.org/10.1111/wej.12751,"Behesht-Abad River and Reservoir, Iran",false,Crossref abstract,unknown,unknown,unknown,unknown,unknown,unknown,"scenario percent changes in PO4, DO, Carlson index","Abstract reports allocation outcomes (PO4 -3%, DO +2 to +11.6%, Carlson 3-7 units), not obs-sim GOF. Review: calibration using significant WQ coefficients; 133 monthly periods.",partial,"TP, Chl-a, DO, NO3, NH3, PO4, BOD (Table 1).",unknown,"56 segs, up to 72 layers (Table 1).",NA,"Waste-load allocation / treatment levels, not W2 internal controller.",false,Closed.,unknown,Review does not state a validation split.,no,Metamodel paper; pairing I/K/file not in abstract.,false,,,NA,W2-ANN-MOPSO. Table 1 country printed '(Will)' — OCR error for Iran.
31,almeida_etal_2021,"Almeida, C.; Branco, P.; Segurado, P.; Ramos, T.B.; Ferreira, T.; Neves, R.; de Oliveira, R.P.",2021,Evaluation of the trophic status in a Mediterranean reservoir under climate change: An integrated modelling approach,10.2166/wcc.2020.247,https://doi.org/10.2166/wcc.2020.247,"Montargil Reservoir, Sorraia River, Portugal",true,IWA HTML (doi.org),true,true,false,false,true,false,SWAT also R2/RMSE/NSE/bias; W2 kinetic table,"W2 'performance measures (R2, RMSE and NSE) were used' for cal/val of water levels and T/DO profiles. WSE R2=0.92 shown (Figure 3). Numeric NSE/RMSE for T/DO profiles not extracted from the HTML tables. Table 2's '0.92 Flow, TN, TP' mixes SWAT (flow R2=0.71, TN 0.59, TP 0.14) with W2 WSE.",partial,W2 calibrated for water levels and T and DO profiles. Later analyses use epilimnion vs hypolimnion (20 m) for DO/TP/CHLA. Output file not named.,partial,"Profiles 'at the Montargil reservoir dam' (Figure 4). Grid: 13 active segments, 32 layers (Figure 2). Dam segment number not stated in text. Hypolimnion defined as 20 m depth.",NA,Climate/trophic status; irrigation-demand reductions tested. Not TDG/selective-withdrawal controller.,false,No W2 deck. SNIRH/ARBVS data cited.,yes,Methods say cal then val using R2/RMSE/NSE. SWAT cal 1996-2005 / val thereafter. W2 period 2005-2014 weather.,partial,Dam profiles + 20 m hypo + WSE; I not numbered; file not named. NSE claimed but values for W2 T/DO not quoted in retrieved HTML.,true,0.92,"Flow, TN, TP",false,Table 2 mislabels 0.92 as Flow/TN/TP; paper's 0.92 is W2 water-surface elevation. Rare case that names NSE as a W2 metric.
32,akomeah_etal_2021,"Akomeah, E.; Morales-Marin, L.A.; Carr, M.; Sadeghian, A.; Lindenschmidt, K.E.",2021,The impacts of changing climate and streamflow on nutrient speciation in a large prairie reservoir,10.1016/j.jenvman.2021.112262,https://doi.org/10.1016/j.jenvman.2021.112262,"Lake Diefenbaker, Canada",false,review Table 1,unknown,unknown,unknown,unknown,unknown,unknown,unknown,Review: model previously calibrated by Sadeghian 2015/2017. This paper is a scenario application. GOF not retrieved.,unknown,"Table 1 lists T, DO, PO4, TP, NO3/NO2, NH3, TN, BOD, TDS, pH, algal biomass, Chl-a.",unknown,Variable horizontal targeting (Table 1).,not_mentioned,Climate/streamflow scenarios on a multi-purpose reservoir; withdrawal-elevation state not declared in available text (contrast [36]).,unknown,"Related FRDR package is for [36], not confirmed for this paper.",inherited,Previously calibrated by Sadeghian et al.,no,Scenario paper on a prior model; this paper does not restate VPR.,false,,,NA,Lake Diefenbaker cluster with [34][36]. SPARROW+W2.
33,yahyaee_etal_2021,"Yahyaee, A.R.; Moridi, A.; Sarang, A.",2021,A new optimized model to control eutrophication in multi-purpose reservoirs,10.1007/s13762-020-03042-y,https://doi.org/10.1007/s13762-020-03042-y,"Seimare Reservoir, Iran",false,review Table 1,unknown,unknown,unknown,unknown,unknown,unknown,unknown,Review: calibrated on one year of data; 2011-2013. NSGA-II optimization. GOF not retrieved.,partial,Water temperature and DO (Table 1).,unknown,"28 segs x 1000 m, 32 layers 2-4 m.",described,Table 1 purpose: evaluate impact of water release from the lower layers. NSGA-II operations. Not TDG.,false,Closed.,unknown,Calibrated based on one year; analysis window 02/2011-02/2013.,unknown,No FT.,false,,,NA,Selective/lower-layer release is in scope for control-rule confounding.
34,moralesmarin_etal_2021,"Morales-Marin, L.A.; Carr, M.; Sadeghian, A.; Lindenschmidt, K.E.",2021,"Climate change effects on the thermal stratification of Lake Diefenbaker, a large multi-purpose reservoir",10.1080/07011784.2020.1854120,https://doi.org/10.1080/07011784.2020.1854120,"Lake Diefenbaker, Canada",false,review Table 1,unknown,unknown,unknown,unknown,unknown,unknown,unknown,Review: previously calibrated and validated by Sadeghian 2015 and 2018. This paper is climate/flow scenarios on thermal structure.,partial,Water temperature (Table 1).,unknown,"515 horizontal segments, 1 m layers, max 60 (Table 1) — grid, not pairing.",not_mentioned,Climate and flow scenarios; outlet elevation state not in available text.,unknown,See [36] FRDR for a related Diefenbaker W2.,inherited,Sadeghian prior cal/val.,no,Inherited model; this paper does not restate VPR.,false,,,NA,Thermal-only scenario paper in the Diefenbaker cluster.
35,hasanzadeh_etal_2020,"Hasanzadeh, S.K.; Saadatpour, M.; Afshar, A.",2020,A fuzzy equilibrium strategy for sustainable water quality management in river-reservoir system,10.1016/j.jhydrol.2020.124892,https://doi.org/10.1016/j.jhydrol.2020.124892,"Behesht-Abad and Kaj Reservoir, Iran",false,review Table 1,unknown,unknown,unknown,unknown,unknown,unknown,unknown,Review: calibrated and validated; analysis time 15 days. GOF not retrieved.,partial,"NO3, NH4, PO4, BOD, DO, thermal inflows (Table 1).",unknown,"56 segs, up to 72 layers.",described,"Sustainable WQ management / fuzzy equilibrium — operating strategy paper, not TDG.",false,Closed.,yes,Review: calibrated and validated in this study.,unknown,No FT.,false,,,NA,15-day window is unusually short vs other Karkheh/Behesht-Abad papers.
36,lindenschmidt_etal_2019,"Lindenschmidt, K.E.; Carr, M.K.; Sadeghian, A.; Morales-Marin, L.",2019,"CE-QUAL-W2 model of dam outflow elevation impact on temperature, dissolved oxygen and nutrients in a reservoir",10.1038/s41597-019-0316-y,https://doi.org/10.1038/s41597-019-0316-y,"Lake Diefenbaker, Saskatchewan, Canada",true,Nature Scientific Data HTML,false,false,false,false,true,false,SSE; chi-squared (LM); RMSEav for DO/POC/PON/TN/TP,"T: Monte Carlo + PSO+LM; SSE then RMSE; acceptable RMSE<2 C vs profiles at 16 locations, same depth and location. WQ: RMSEav 0.17, 0.66, 0.69, 0.38, 0.67 for DO, POC, PON, TN, TP. No R2/NSE/KGE/PBIAS. Details deferred to Sadeghian 2015/2017/2018.",partial,"T profiles; DO, POC, PON, TN, TP (derived vars Table 1). Chl-a converted to biomass. Output written as CSV per variable in FRDR. Paper does not name TSR column IDs.",partial,"87 horizontal segments, 1 m layers, max 60. T compared at 16 locations, exact same depth. Segment numbers of the 16 stations not listed in the article body (Figure 1 map).",described,Six withdrawal elevations 5-55 m above bottom (500-550 m asl). w2_con.npt withdrawal depth changed per scenario. 2013 flood spillway vs turbine discussed. Not TDGTA.,true,"FRDR doi:10.20383/101.0134 — executables, 12 input files including w2_con.npt, outputs, README. Code availability section.",inherited,T and WQ calibration methods inherited from Sadeghian; this paper is a data descriptor of withdrawal scenarios 2011-2013.,partial,"From the paper alone: 16 unnamed stations, same-depth pairing, RMSE. From FRDR: full deck, so a reader with SI can reconstruct. Per protocol (paper-only) coded partial.",false,,,NA,Only paper among 38 that publishes the W2 input/output package. Best control-rule documentation.
37,aghasian_etal_2019,"Aghasian, K.; Moridi, A.; Mirbagheri, A.; Abbaspour, M.",2019,Selective withdrawal optimization in a multipurpose water use reservoir,10.1007/s13762-019-02363-x,https://doi.org/10.1007/s13762-019-02363-x,"Gotvand Reservoir, Iran",false,review Table 1 + title,unknown,unknown,unknown,unknown,unknown,unknown,unknown,Review: calibrated in this study; TDS; 2014-2016. GOF not retrieved.,partial,TDS (Table 1).,unknown,"60 horizontal sections, 800-1800 m, vertical 2.5 m.",described,Title/purpose: selective withdrawal / release from various outlets to discharge brine from hypolimnion with downstream WQ constraints. MOPSO+W2.,false,Closed.,unknown,Review: calibrated in this study; no validation split stated.,unknown,No FT.,false,,,NA,Selective-withdrawal optimization; control-rule is the point of the paper.
38,moridi_2019,"Moridi, A.",2019,Dealing with reservoir eutrophication in a trans-boundary river,10.1007/s13762-018-1775-y,https://doi.org/10.1007/s13762-018-1775-y,"Dousti Reservoir, Harirud River, Iran/Turkmenistan",false,review text §3.2,true,unknown,unknown,unknown,unknown,unknown,unknown,Review §3.2: variable R2 for TP (0.85 and 0.29) and TN (0.96 and 0.89) across seasons. Not in Table 2. NSE not mentioned.,partial,"NO3, P, DO (Table 1). Review discusses TP and TN R2.",unknown,Table 1 segments Uninformed.,described,Optimization model to improve reservoir and downstream WQ. Operating policy implied; details unknown without FT.,false,Closed.,unknown,"Review: calibrated in this study, 2000-2002.",unknown,R2 quoted by review without I/K/file.,false,,,unknown,Review discusses this R2 in §3.2 but omits it from Table 2.
39,ziaie_etal_2019,"Ziaie, R.; Mohammadnezhad, B.; Taheriyoun, M.; Karimi, A.; Amiri, S.",2019,Evaluation of Thermal Stratification and Eutrophication in Zayandeh Roud Dam Reservoir Using Two-Dimensional CE-QUAL-W2 Model,10.1061/(ASCE)EE.1943-7870.0001529,https://doi.org/10.1061/(ASCE)EE.1943-7870.0001529,"Lake Zayandeh Roud, Iran",false,ASCE abstract + secondary citation (Doroudzan 2026 paper quoting MAE/RMSE),unknown,unknown,unknown,unknown,true,true,unknown,"Abstract: cal/val Oct 2013-Jan 2015, 'appropriate convergence'. Secondary source quotes Ziaie MAE/RMSE DO max 1.6 and 2.2 mg/L; PO4 MAE/RMSE 0.024; NO3 1.63 and 1.75. Those numbers are not from the Ziaie PDF (paywalled) so tagged secondary.",partial,"T, NO3, PO4, DO, TP (abstract).",unknown,"46 segs 235-1600 m, up to 77 layers x 1 m (Table 1).",NA,"Management scenarios: nutrient-load reduction and hypolimnion reaeration, not W2 selective-withdrawal controller.",false,Closed.,yes,Abstract: calibration and validation Oct 2013-Jan 2015 (review also lists Oct/Nov/Dec 2013 and Mar/Apr/Jul 2014 as WQ cal months).,unknown,Paywalled; I/K/file unknown.,false,,,NA,MAE/RMSE from a later paper citing Ziaie; treat as unverified against original tables.
40,kim_etal_2019,"Kim, D.; Kim, Y.; Kim, B.",2019,Simulation of eutrophication in a reservoir by CE-QUAL-W2 for the evaluation of the importance of point sources and summer monsoon,10.1080/10402381.2018.1530318,https://doi.org/10.1080/10402381.2018.1530318,"Lake Uiam, South Korea",false,publisher abstract + review Table 2,true,unknown,unknown,unknown,unknown,unknown,unknown,"Review Table 2: R2>0.9 for water level, temperature, and SS; Chl-a R2=0.35 in review text. Original tables not seen. NSE not mentioned in abstract.",partial,"SS, TP, TN, chlorophyll, COD (Table 1).",unknown,56 segments (Table 1).,NA,STP effluent P-reduction scenario; not W2 internal controller.,false,Closed. Calibration based on NIER 2007.,inherited,Review: calibrated based on NIER 2007; periods 2005-2009 and 2013-2014.,unknown,No FT; Table 2 R2 not mapped to I/K.,true,>0.9,"Water Level, Temperature, and Suspended Solids (SS)",unknown,"Review text also gives Chl-a R2=0.35, omitted from Table 2 row."
41,dehbalaei_javan_2018,"Dehbalaei, F.N.; Javan, M.",2018,Assessment of Selective Withdrawal and Inflow Control on the Hydrodynamics and Water Quality of Ilam Reservoir,10.2175/106143017X15131012152834,https://doi.org/10.2175/106143017X15131012152834,"Ilam Reservoir, Iran",false,Wiley abstract,unknown,unknown,unknown,unknown,unknown,unknown,unknown,"Abstract: after calibrating and verifying, scenarios of selective withdrawal and inflow control. Numeric GOF not in abstract. Review: cal Jul-Dec 2009, val Mar-May 2010.",partial,"NH4, NO3, PO4, DO, Si, Chl-a (Table 1).",unknown,"16 segs 500-700 m, 1 m layers (Table 1).",described,Selective withdrawal elevation from surface to bottom; combination with nutrient-load reduction. Best scenario: withdrawal from bottom and surface plus load reduction. Not TDG.,false,Closed.,yes,Review: cal Jul-Dec 2009; val Mar-May 2010.,unknown,Control-rule well described at abstract level; VPR I/K/file unknown.,false,,,NA,Strongest selective-withdrawal paper after [36] for control-rule coding.
42,yazdi_moridi_2017,"Yazdi, J.; Moridi, A.",2017,Interactive Reservoir-Watershed Modeling Framework for Integrated Water Quality Management,10.1007/s11269-017-1627-4,https://doi.org/10.1007/s11269-017-1627-4,"Seimare river basin and reservoir, Iran",false,review §3.6,unknown,unknown,unknown,unknown,unknown,unknown,review quotes R (correlation) 0.62-0.95,"Review §3.6: W2 calibrated for T, DO, TDS, TN, TP with correlation values (R) 0.62-0.95. Table 2 lists this as R2 0.62-0.95. Original not verified.",partial,"T, DO, TDS, NO3, TN, TP (Table 1).",unknown,Table 1 segments Uninformed.,NA,Watershed-reservoir management framework; not TDG.,false,Closed.,unknown,"Review: calibrated in this study, 2011-2013.",no,No FT; R range without I/K/file.,true,0.62-0.95,"DO, Temperature, TDS, TN, TP",unknown,Review calls it R then Table 2 calls it R2. Same R-vs-R2 issue as [21].
43,shourian_etal_2016,"Shourian, M.; Moridi, A.; Kaveh, M.",2016,Modeling of eutrophication and strategies for improvement of water quality in reservoirs,10.2166/wst.2016.322,https://doi.org/10.2166/wst.2016.322,"Ilam Reservoir, Iran",false,IWA abstract,unknown,unknown,unknown,unknown,unknown,unknown,unknown,"Abstract: thermal/qualitative stratification; nutrient-reduction and outlet-release scenarios. No numeric GOF. Review: cal and val in this study, 2006-2008.",partial,"TN, TP, Chl-a, DO (Table 1).",unknown,"16 sectors 500-700 m, 43 layers x 1 m.",described,Water depletions from reservoir outlets (Sep-Nov release) plus 50% N/P load reduction. Not TDG.,false,Closed.,yes,Review: calibrated and validated in this study.,unknown,No FT.,false,,,NA,Outlet-release management; related Ilam papers [29][41].
44,masoumi_etal_2016,"Masoumi, F.; Afshar, A.; Palatkaleh, S.T.",2016,Selective withdrawal optimization in river-reservoir systems; trade-offs between maximum allowable receiving waste load and water quality criteria enhancement,10.1007/s10661-016-5386-0,https://doi.org/10.1007/s10661-016-5386-0,"Karkheh Reservoir, Iran",false,review Table 1,unknown,unknown,unknown,unknown,unknown,unknown,unknown,Review: calibration using method of Afshar et al. 2013 (MOPSO). 180 months. GOF not retrieved.,partial,TP (Table 1).,unknown,"River 14 segs; reservoir 28 segs, 5 vertical layers (Table 1).",described,Selective withdrawal optimization; waste-load vs WQ trade-off. PSO+ANN+W2.,false,Closed.,inherited,Uses method presented by Afshar et al. 2013 [59].,unknown,No FT.,false,,,NA,Karkheh selective-withdrawal cluster with [22][45][49][52].
45,noori_etal_2015,"Noori, R.; Yeh, H.D.; Ashrafi, K.; Rezazadeh, N.; Bateni, S.M.; Karbassi, A.; Kachoosangi, F.T.; Moazami, S.",2015,A reduced-order based CE-QUAL-W2 model for simulation of nitrate concentration in dam reservoirs,10.1016/j.jhydrol.2015.10.022,https://doi.org/10.1016/j.jhydrol.2015.10.022,"Karkheh Reservoir, Iran",false,review Table 1,unknown,unknown,unknown,unknown,unknown,unknown,unknown; POD/ROM vs W2,"Review: cal May 2005-Apr 2006, val May-Aug 2006 for T and NO3. GOF not retrieved. Reduced-order (POD) of W2 nitrate field.",partial,Water temperature and NO3 (Table 1).,unknown,"65 segs x 1000 m, 2 m layers (Table 1).",NA,"ROM condensation of W2 output, not operations/TDG.",false,Closed.,yes,Review: cal 05/2005-04/2006; val 05/2006-08/2006.,unknown,No FT. Extra VPR issue: ROM modes vs original W2 field.,false,,,NA,VPR would need both W2 output and POD reconstruction chain.
46,park_etal_2015,"Park, Y.; Pachepsky, Y.A.; Cho, K.H.; Jeon, D.J.; Kim, J.H.",2015,Stressor-response modeling using the 2D water quality model and regression trees to predict chlorophyll-a in a reservoir system,10.1016/j.jhydrol.2015.09.002,https://doi.org/10.1016/j.jhydrol.2015.09.002,"Yeongsan Reservoir, South Korea",false,"review Table 1; OpenAlex green OA, no PDF URL",unknown,unknown,unknown,unknown,unknown,unknown,unknown; regression trees on W2 output,Review: model previously calibrated by Park et al. 2014 [47]. This paper is stressor-response / Chl-a trees. GOF of W2 not restated in snippets.,unknown,"Table 1: TDS, SS, PO4, NH4, NO3, BOD, algal biomass, DO, COD.",unknown,Table 1 segments blank.,NA,"Statistical stressor-response, not controller.",unknown,Green OA flagged; PDF not found.,inherited,Previously calibrated by [47].,no,Uses prior W2; this paper does not restate VPR.,false,,,NA,Child of [47].
47,park_etal_2014,"Park, Y.; Cho, K.H.; Kang, J.H.; Lee, S.W.; Kim, J.H.",2014,Developing a flow control strategy to reduce nutrient load in a reclaimed multi-reservoir system using a 2D hydrodynamic and water quality model,10.1016/j.scitotenv.2013.07.041,https://doi.org/10.1016/j.scitotenv.2013.07.041,"Yeongsan, Yeongam and Kumho reservoirs, South Korea",false,institutional abstracts (GIST/UNIST/Dongguk),unknown,unknown,unknown,unknown,unknown,unknown,sensitivity analysis + pattern-search auto-cal; scenario % load reduction,"Abstract: sensitivity analysis then pattern search to optimize parameters. Scenario: TN load -27.2%, TP -6.6% under optimal channel flow. Obs-sim GOF numbers not in abstracts.",partial,Many WQ vars in Table 1. File unknown.,partial,"Detailed grid: YSR 2 branches 39 segs 700-800 m, 23 layers; YAR 45 segs 26 layers; KMR 56 segs 24 layers. Comparison stations not in abstract.",described,Flow control / interconnecting-channel operation to cut nutrient export. Not TDG.,false,Closed.,unknown,Calibrated with two new methods; 2007-2008. Validation split not in abstract.,unknown,Grid rich; pairing I/K/file unknown without FT.,false,,,NA,Parent model for [46]. Flow-control confounding relevant to innovation 2.
48,chang_etal_2015,"Chang, C.H.; Cai, L.Y.; Lin, T.F.; Chung, C.L.; Van Der Linden, L.; Burch, M.",2015,Assessment of the Impacts of Climate Change on the Water Quality of a Small Deep Reservoir in a Humid-Subtropical Climatic Region,10.3390/w7041687,https://doi.org/10.3390/w7041687,"Hsin Shan Reservoir, Taiwan",true,MDPI HTML (WebSearch),true,false,false,false,true,true,AME; Pearson r; mean prediction error; CDF risk,"Cal 2004-2008 / val 2009-2012 at Station 1. Metrics AME, RMSE, R2 (Table 3) for WL, surface T, and WQ. Hydrodynamic R2 high (review quotes R=0.98 for WL and surface T). WQ R2 0.3-0.5; DO R2=0.49 and NH3-N R2=0.51 in review §3.2. NSE/KGE/PBIAS not used. Not in Table 2 despite being the review's own calibration-variability example.",partial,"WL, surface T, T profiles, DO, Chl-a, PO4, NH3-N, NO3-N, TP. Samples 0.5-1 m below surface. Output file/column not named.",yes,"Station 1 (EPA/TWC). Hydrodynamic and WQ GOF plotted at surface layer of segment 3 (Figures 4, 6, 7). Grid: 11 segs 80-220 m, 25-38 layers x 1 m. Bottom-layer TP used in CDF example.",NA,Climate A1B/A2; recharge/outflow patterns held constant. Not TDG/selective-withdrawal controller.,false,No input deck. EPA/TWC data cited.,yes,Cal 2004-2008; verify 2009-2012. Explicit in methods and Table 3.,yes,"I=3, surface layer, Station 1, 0.5-1 m samples, constituents listed, cal/val years. Remaining gaps: output file name, pairing tolerance, exact K index vs 'surface'.",false,,,NA,Best VPR-location reporting among 38. Review uses its R2 in §3.2 but leaves it out of Table 2.
49,afshar_etal_2012,"Afshar, A.; Saadatpour, M.; Marino, M.A.",2012,Development of a Complex System Dynamic Eutrophication Model: Application to Karkheh Reservoir,10.1089/ees.2010.0203,https://doi.org/10.1089/ees.2010.0203,"Karkheh Reservoir, Iran",false,review Table 1,unknown,unknown,unknown,unknown,unknown,unknown,unknown,"Review lists Model Used as 'S.D. CE-QUAL-W2' and 'series of 30 DEs for 10 variables and three segmented layers'. This appears to be a system-dynamics eutrophication model informed by / compared with W2, not a standard W2 application. GOF not retrieved.",unknown,"Phytoplankton, zooplankton, POM, DOM, NH4, N, P, TSS, DO (Table 1).",unknown,"Three segmented layers (Table 1) — SD spatialization, not W2 I/K.",NA,"SD eutrophication patterns, not TDG.",false,Closed.,yes,"Review: cal 2005-2006, val 2003-2004 (note val precedes cal chronologically).",no,Likely not a native W2 output VPR problem; different model architecture.,false,,,NA,Inclusion in the 38 is as a W2-related eutrophication study; VPR for W2 files may be N/A if SD is the reported model.
50,lee_etal_2010,"Lee, J.Y.; Ha, S.R.; Park, I.H.; Lee, S.C.; Cho, J.H.",2010,Characteristics of DOC concentration with storm density flows in a stratified dam reservoir,10.2166/wst.2010.537,https://doi.org/10.2166/wst.2010.537,"Daecheong Reservoir, South Korea",false,Crossref abstract,unknown,unknown,unknown,unknown,unknown,unknown,unknown,Abstract: W2 2001-2005; gradual POC accumulation; turbidity-NOM related in upper region. Review: cal/val using 2003 and 2005. No GOF numbers in abstract.,partial,"LPOC, RPOC, LDOC, RDOC, DO, BOD, COD, TSS, TP, TN, pH (Table 1). Organic carbon fractions named.",partial,"Abstract: upper region of reservoir, flow distance. Table 1 segments Uninformed.",NA,"Storm density flows / allochthonous OM, not controller.",false,Closed.,yes,Review: calibrated and validated using 2003 and 2005.,unknown,Carbon fractions named; I/K/file unknown.,false,,,NA,"LPOC/RPOC/LDOC/RDOC are W2 state names — closer than most to variable identity, still no file."
51,liu_etal_2009,"Liu, W.C.; Chen, W.B.; Kimura, N.",2009,Impact of phosphorus load reduction on water quality in a stratified reservoir-eutrophication modeling study,10.1007/s10661-008-0637-3,https://doi.org/10.1007/s10661-008-0637-3,"Mingder Reservoir, Taiwan",false,EPA HERO abstract + review,true,unknown,unknown,unknown,unknown,unknown,unknown,"HERO abstract: WSE time series reproduced; T spatial/temporal well reproduced; nutrients/DO/algae 'matched closely'. No numeric GOF. Review Table 2 R2=0.977 is 'nonlinear relationship between phosphorus load reduction and total phosphorus concentration' (scenario response), not obs-sim skill.",partial,"T, DO, Chl-a, TP, NH4, NO3/NO2 (Table 1).",unknown,"22 segs x 200 m, 1 m layers, 278 cells (Table 1).",NA,"P-load reduction scenarios, not controller.",false,Closed.,unknown,Review: calibrated 2003-2004. Validation not stated.,no,No I/K/file; Table 2 R2 is scenario regression.,true,0.977,Total Phosphorus (TP),false,"Table 2 highest R2 is a load-reduction response curve, not calibration skill."
52,afshar_saadatpour_2009,"Afshar, A.; Saadatpour, M.",2009,"Reservoir Eutrophication Modeling, Sensitivity Analysis, and Assessment: Application to Karkheh Reservoir, Iran",10.1089/ees.2008.0319,https://doi.org/10.1089/ees.2008.0319,"Karkheh Reservoir, Iran",false,publisher abstract,unknown,unknown,unknown,unknown,unknown,unknown,unknown; sensitivity analysis of eutrophication parameters,Abstract: calibrated and validated; 'satisfactory convergence to observed field data through a 64-km long reservoir'. No numeric GOF.,partial,"Table 1: T, TP, NO3, NH3, Cl, DO; simulated COD, POD, SD, SS, BOD, pH, algae.",unknown,"66 segs x 1 km, up to 55 layers (Table 1). 'Check points on monitoring days' mentioned in related PSO paper, not here.",NA,Load management scenarios; P limiting. Not TDG.,false,Closed.,yes,"Review: cal May-Dec 2005, val Dec 2005-Jul 2006.",unknown,No FT; Karkheh parent model for later papers.,false,,,NA,Foundational Karkheh W2 application in this set.
53,kuo_etal_2006,"Kuo, J.T.; Lung, W.S.; Yang, C.P.; Liu, W.C.; Yang, M.D.; Tang, T.S.",2006,Eutrophication modelling of reservoirs in Taiwan,10.1016/j.envsoft.2005.03.006,https://doi.org/10.1016/j.envsoft.2005.03.006,"Te-Chi and Tseng-Wen reservoirs, Taiwan",false,KipHub abstract + review + secondary MAE/RMSE citation,true,unknown,unknown,unknown,true,true,unknown,"Abstract: T well reproduced; nutrients/DO/algae matched closely; vertical T and DO stratification in Tseng-Wen mimicked. Review Table 2 R2=0.9605 and 0.9724 are TP reduction in 1998/1999 loads (scenario), not obs-sim. Secondary source quotes MAE/RMSE DO Te-Chi 3.1/4.0 and Tseng-Wen 0.95/1.18 mg/L (unverified vs original tables).",partial,"T, DO, Chl-a, TP, NH4, NO3/NO2 (Table 1). Vertical profiles implied.",partial,"Te-Chi 15 segs 900-1080 m, 2 m layers; Tseng-Wen 17 segs x 1000 m, 2 m layers. Station I unknown.",NA,"Nutrient-reduction scenarios, not controller.",false,Closed.,unknown,"Review: calibrated in this study, 1998-2000. Verification split not in abstract.",partial,Vertical T/DO profiles claimed; I/K/file not available without FT.,true,0.9605 and 0.9724,"TP, Ammonia, NO2/NO3, Chlorophyll-a, DO",false,Table 2 params list many WQ variables but the R2 values are P-load-reduction correlations per review §3.7.
54,kuo_etal_2003,"Kuo, J.T.; Liu, W.C.; Lin, R.T.; Lung, W.S.; Yang, M.D.; Yang, C.P.; Chu, S.C.",2003,Water Quality Modeling for the Feitsui Reservoir in Northern Taiwan,10.1111/j.1752-1688.2003.tb03684.x,https://doi.org/10.1111/j.1752-1688.2003.tb03684.x,"Feitsui Reservoir, Taiwan",false,Crossref abstract,unknown,unknown,unknown,unknown,unknown,unknown,unknown,Abstract: 2-D laterally averaged finite-difference hydrodynamic and WQ model calibrated and verified with 1996 and 1997 data; used for Chl-a under wasteload reduction. GOF numbers not in abstract. Review: cal and verified 1996 and 1997.,partial,"T, DO, Chl-a, TP, NH4, NO3/NO2 (Table 1).",unknown,"33 segs x 600 m, 26 layers x 4 m (Table 1).",NA,Wasteload reduction to oligotrophy; not controller.,false,Closed.,yes,Calibrated and verified using 1996 and 1997 (year-split implied).,unknown,No FT; classic W2 application without quoted VPR.,false,,,NA,Earliest of the 38 (2003).
